    CREATE TABLE SALESPEOPLE(
    SNUM NUMBER PRIMARY KEY,
    SNAME VARCHAR(20) NOT NULL,
    CITY VARCHAR(20),
    COMM NUMBER
);


INSERT INTO SALESPEOPLE(SNUM,SNAME,CITY,COMM) VALUES (null, 'Peel', 'London', 0.12);



INSERT INTO SALESPEOPLE(SNUM,SNAME,CITY,COMM) VALUES (1100, 'Heel', NULL, NULL);



INSERT INTO SALESPEOPLE(SNUM,SNAME,CITY,COMM) VALUES (1001, 'Peel', 'London', 0.12);
INSERT INTO SALESPEOPLE(SNUM,SNAME,CITY,COMM) VALUES (1002, 'Serres', 'San Jose', 0.13);
INSERT INTO SALESPEOPLE(SNUM,SNAME,CITY,COMM) VALUES (1003, 'SL002', 'Ahmedabad', 0.15);
INSERT INTO SALESPEOPLE(SNUM,SNAME,CITY,COMM) VALUES (1004, 'SL003', 'Indore', 0.14);
INSERT INTO SALESPEOPLE(SNUM,SNAME,CITY,COMM) VALUES (1005, 'SL004', 'New York', 0.13);
INSERT INTO SALESPEOPLE(SNUM,SNAME,CITY,COMM) VALUES (1006, 'SL005', 'New Jersey', 0.15);
INSERT INTO SALESPEOPLE(SNUM,SNAME,CITY,COMM) VALUES (1007, 'SL006', 'Chennai', 0.16);
INSERT INTO SALESPEOPLE(SNUM,SNAME,CITY,COMM) VALUES (1008, 'SL007', 'Kolkata', 0.17);
INSERT INTO SALESPEOPLE(SNUM,SNAME,CITY,COMM) VALUES (1009, 'SL008', 'Guajarat', 0.18);
INSERT INTO SALESPEOPLE(SNUM,SNAME,CITY,COMM) VALUES (1010, 'SL009', 'Anand', 1);
INSERT INTO SALESPEOPLE(SNUM,SNAME,CITY,COMM) VALUES (1011, 'SL010', 'London', 1.2);
INSERT INTO SALESPEOPLE(SNUM,SNAME,CITY,COMM) VALUES (1012, 'SL011', 'San Jose', 0.89);
INSERT INTO SALESPEOPLE(SNUM,SNAME,CITY,COMM) VALUES (1013, 'SL012', 'Ahmedabad', 0.8);
INSERT INTO SALESPEOPLE(SNUM,SNAME,CITY,COMM) VALUES (1014, 'SL013', 'Indore', 0.8);
INSERT INTO SALESPEOPLE(SNUM,SNAME,CITY,COMM) VALUES (1015, 'SL014', 'New York', 0.29);
INSERT INTO SALESPEOPLE(SNUM,SNAME,CITY,COMM) VALUES (1016, 'SL015', 'New Jersey', 0.12);
INSERT INTO SALESPEOPLE(SNUM,SNAME,CITY,COMM) VALUES (1017, 'SL016', 'Chennai', 0.13);
INSERT INTO SALESPEOPLE(SNUM,SNAME,CITY,COMM) VALUES (1018, 'SL017', 'Kolkata', 0.15);
INSERT INTO SALESPEOPLE(SNUM,SNAME,CITY,COMM) VALUES (1019, 'SL018', 'Guajarat', 0.14);
INSERT INTO SALESPEOPLE(SNUM,SNAME,CITY,COMM) VALUES (1020, 'SL019', 'Anand', 0.13);
INSERT INTO SALESPEOPLE(SNUM,SNAME,CITY,COMM) VALUES (1021, 'SL020', 'London', 0.15);
INSERT INTO SALESPEOPLE(SNUM,SNAME,CITY,COMM) VALUES (1022, 'SL021', 'San Jose', 0.16);
INSERT INTO SALESPEOPLE(SNUM,SNAME,CITY,COMM) VALUES (1023, 'SL022', 'Ahmedabad', 0.17);
INSERT INTO SALESPEOPLE(SNUM,SNAME,CITY,COMM) VALUES (1024, 'SL023', 'Indore', 0.18);
INSERT INTO SALESPEOPLE(SNUM,SNAME,CITY,COMM) VALUES (1025, 'SL024', 'New York', 1);
INSERT INTO SALESPEOPLE(SNUM,SNAME,CITY,COMM) VALUES (1026, 'SL025', 'New Jersey', 1.2);
INSERT INTO SALESPEOPLE(SNUM,SNAME,CITY,COMM) VALUES (1027, 'SL026', 'Chennai', 0.89);
INSERT INTO SALESPEOPLE(SNUM,SNAME,CITY,COMM) VALUES (1028, 'SL027', 'Kolkata', 0.8);
INSERT INTO SALESPEOPLE(SNUM,SNAME,CITY,COMM) VALUES (1029, 'SL028', 'Guajarat', 0.8);
INSERT INTO SALESPEOPLE(SNUM,SNAME,CITY,COMM) VALUES (1030, 'SL029', 'Anand', 0.29);
INSERT INTO SALESPEOPLE(SNUM,SNAME,CITY,COMM) VALUES (1031, 'SL030', 'London', 0.12);
INSERT INTO SALESPEOPLE(SNUM,SNAME,CITY,COMM) VALUES (1032, 'SL031', 'San Jose', 0.13);
INSERT INTO SALESPEOPLE(SNUM,SNAME,CITY,COMM) VALUES (1033, 'SL032', 'Ahmedabad', 0.15);
INSERT INTO SALESPEOPLE(SNUM,SNAME,CITY,COMM) VALUES (1034, 'SL033', 'Indore', 0.14);
INSERT INTO SALESPEOPLE(SNUM,SNAME,CITY,COMM) VALUES (1035, 'SL034', 'New York', 0.13);
INSERT INTO SALESPEOPLE(SNUM,SNAME,CITY,COMM) VALUES (1036, 'SL035', 'New Jersey', 0.15);
INSERT INTO SALESPEOPLE(SNUM,SNAME,CITY,COMM) VALUES (1037, 'SL036', 'Chennai', 0.16);
INSERT INTO SALESPEOPLE(SNUM,SNAME,CITY,COMM) VALUES (1038, 'SL037', 'Kolkata', 0.17);
INSERT INTO SALESPEOPLE(SNUM,SNAME,CITY,COMM) VALUES (1039, 'SL038', 'Guajarat', 0.18);
INSERT INTO SALESPEOPLE(SNUM,SNAME,CITY,COMM) VALUES (1040, 'SL039', 'Anand', 1);
INSERT INTO SALESPEOPLE(SNUM,SNAME,CITY,COMM) VALUES (1041, 'SL040', 'London', 1.2);
INSERT INTO SALESPEOPLE(SNUM,SNAME,CITY,COMM) VALUES (1042, 'SL041', 'San Jose', 0.89);
INSERT INTO SALESPEOPLE(SNUM,SNAME,CITY,COMM) VALUES (1043, 'SL042', 'Ahmedabad', 0.8);
INSERT INTO SALESPEOPLE(SNUM,SNAME,CITY,COMM) VALUES (1044, 'SL043', 'Indore', 0.8);
INSERT INTO SALESPEOPLE(SNUM,SNAME,CITY,COMM) VALUES (1045, 'SL044', 'New York', 0.29);
INSERT INTO SALESPEOPLE(SNUM,SNAME,CITY,COMM) VALUES (1046, 'SL045', 'New Jersey', 0.12);
INSERT INTO SALESPEOPLE(SNUM,SNAME,CITY,COMM) VALUES (1047, 'SL046', 'Chennai', 0.13);
INSERT INTO SALESPEOPLE(SNUM,SNAME,CITY,COMM) VALUES (1048, 'SL047', 'Kolkata', 0.15);
INSERT INTO SALESPEOPLE(SNUM,SNAME,CITY,COMM) VALUES (1049, 'SL048', 'Guajarat', 0.14);
INSERT INTO SALESPEOPLE(SNUM,SNAME,CITY,COMM) VALUES (1050, 'SL049', 'Anand', 0.13);
INSERT INTO SALESPEOPLE(SNUM,SNAME,CITY,COMM) VALUES (1051, 'SL050', 'London', 0.15);
INSERT INTO SALESPEOPLE(SNUM,SNAME,CITY,COMM) VALUES (1052, 'SL051', 'San Jose', 0.16);
INSERT INTO SALESPEOPLE(SNUM,SNAME,CITY,COMM) VALUES (1053, 'SL052', 'Ahmedabad', 0.17);
INSERT INTO SALESPEOPLE(SNUM,SNAME,CITY,COMM) VALUES (1054, 'SL053', 'Indore', 0.18);
INSERT INTO SALESPEOPLE(SNUM,SNAME,CITY,COMM) VALUES (1055, 'SL054', 'New York', 1);
INSERT INTO SALESPEOPLE(SNUM,SNAME,CITY,COMM) VALUES (1055, 'SL054', 'New York', 2);
SELECT * FROM SALESPEOPLE;
TRUNCATE TABLE SALESPEOPLE;
TRUNCATE TABLE CUSTOMERS;
TRUNCATE TABLE ORDERS;
TRUNCATE TABLE SALESPEOPLE;
TRUNCATE TABLE SALESPEOPLE;
TRUNCATE TABLE SALESPEOPLE;

CREATE TABLE CUSTOMERS(
    CNUM NUMBER PRIMARY KEY,
    CNAME VARCHAR2(20) NOT NULL,
    CITY VARCHAR2(20),
    RATING NUMBER DEFAULT (10),
    SNUM NUMBER,
    FOREIGN KEY (SNUM)
            REFERENCES SALESPEOPLE(SNUM)
);

INSERT INTO CUSTOMERS (CNUM, CNAME, CITY, SNUM) VALUES (2013, 'Hoffman', 'London', 1001);



INSERT INTO CUSTOMERS (CNUM, CNAME, CITY, RATING, SNUM) VALUES (2015 , NULL, 'London', 100, 1001);



INSERT INTO CUSTOMERS (CNUM, CNAME, CITY, RATING, SNUM) VALUES (2017 , 'Chauhan', 'London', 100, 1020);



INSERT INTO CUSTOMERS (CNUM, CNAME, CITY, RATING, SNUM) VALUES (2019, 'Hoffman', NULL, 100, 1001);



INSERT INTO CUSTOMERS (CNUM, CNAME, CITY, RATING, SNUM) VALUES (2001, 'Hoffman', 'London', 100, 1001);
INSERT INTO CUSTOMERS (CNUM, CNAME, CITY, RATING, SNUM) VALUES (2003, 'Liu', 'San Jose', 300, 1002);
INSERT INTO CUSTOMERS (CNUM, CNAME, CITY, RATING, SNUM) VALUES (2005, 'Customer1', 'Ahmedabad', 100, 1003);
INSERT INTO CUSTOMERS (CNUM, CNAME, CITY, RATING, SNUM) VALUES (2007, 'Customer2', 'Indore', 200, 1004);
INSERT INTO CUSTOMERS (CNUM, CNAME, CITY, RATING, SNUM) VALUES (2009, 'Customer3', 'New York', 300, 1005);
INSERT INTO CUSTOMERS (CNUM, CNAME, CITY, RATING, SNUM) VALUES (2011, 'Customer4', 'New Jersey', 400, 1006);
INSERT INTO CUSTOMERS (CNUM, CNAME, CITY, RATING, SNUM) VALUES (2013, 'Customer5', 'Chennai', 500, 1007);
INSERT INTO CUSTOMERS (CNUM, CNAME, CITY, RATING, SNUM) VALUES (2015, 'Customer6', 'Kolkata', 600, 1008);
INSERT INTO CUSTOMERS (CNUM, CNAME, CITY, RATING, SNUM) VALUES (2017, 'Customer7', 'Guajarat', 700, 1009);
INSERT INTO CUSTOMERS (CNUM, CNAME, CITY, RATING, SNUM) VALUES (2019, 'Customer8', 'Anand', 800, 1010);
INSERT INTO CUSTOMERS (CNUM, CNAME, CITY, RATING, SNUM) VALUES (2021, 'Customer9', 'London', 900, 1011);
INSERT INTO CUSTOMERS (CNUM, CNAME, CITY, RATING, SNUM) VALUES (2023, 'Customer10', 'San Jose', 1000, 1012);
INSERT INTO CUSTOMERS (CNUM, CNAME, CITY, RATING, SNUM) VALUES (2025, 'Customer11', 'Ahmedabad', 100, 1013);
INSERT INTO CUSTOMERS (CNUM, CNAME, CITY, RATING, SNUM) VALUES (2027, 'Customer12', 'Indore', 300, 1014);
INSERT INTO CUSTOMERS (CNUM, CNAME, CITY, RATING, SNUM) VALUES (2029, 'Customer13', 'New York', 100, 1015);
INSERT INTO CUSTOMERS (CNUM, CNAME, CITY, RATING, SNUM) VALUES (2031, 'Customer14', 'New Jersey', 200, 1016);
INSERT INTO CUSTOMERS (CNUM, CNAME, CITY, RATING, SNUM) VALUES (2033, 'Customer15', 'Chennai', 300, 1017);
INSERT INTO CUSTOMERS (CNUM, CNAME, CITY, RATING, SNUM) VALUES (2035, 'Customer16', 'Kolkata', 400, 1018);
INSERT INTO CUSTOMERS (CNUM, CNAME, CITY, RATING, SNUM) VALUES (2037, 'Customer17', 'Guajarat', 500, 1019);
INSERT INTO CUSTOMERS (CNUM, CNAME, CITY, RATING, SNUM) VALUES (2039, 'Customer18', 'Anand', 600, 1020);
INSERT INTO CUSTOMERS (CNUM, CNAME, CITY, RATING, SNUM) VALUES (2041, 'Customer19', 'London', 700, 1021);
INSERT INTO CUSTOMERS (CNUM, CNAME, CITY, RATING, SNUM) VALUES (2043, 'Customer20', 'San Jose', 800, 1022);
INSERT INTO CUSTOMERS (CNUM, CNAME, CITY, RATING, SNUM) VALUES (2045, 'Customer21', 'Ahmedabad', 900, 1023);
INSERT INTO CUSTOMERS (CNUM, CNAME, CITY, RATING, SNUM) VALUES (2047, 'Customer22', 'Indore', 1000, 1024);
INSERT INTO CUSTOMERS (CNUM, CNAME, CITY, RATING, SNUM) VALUES (2049, 'Customer23', 'New York', 100, 1025);
INSERT INTO CUSTOMERS (CNUM, CNAME, CITY, RATING, SNUM) VALUES (2051, 'Customer24', 'New Jersey', 300, 1026);
INSERT INTO CUSTOMERS (CNUM, CNAME, CITY, RATING, SNUM) VALUES (2053, 'Customer25', 'Chennai', 100, 1027);
INSERT INTO CUSTOMERS (CNUM, CNAME, CITY, RATING, SNUM) VALUES (2055, 'Customer26', 'Kolkata', 200, 1028);
INSERT INTO CUSTOMERS (CNUM, CNAME, CITY, RATING, SNUM) VALUES (2057, 'Customer27', 'Guajarat', 300, 1029);
INSERT INTO CUSTOMERS (CNUM, CNAME, CITY, RATING, SNUM) VALUES (2059, 'Customer28', 'Anand', 400, 1030);
INSERT INTO CUSTOMERS (CNUM, CNAME, CITY, RATING, SNUM) VALUES (2061, 'Customer29', 'London', 500, 1031);
INSERT INTO CUSTOMERS (CNUM, CNAME, CITY, RATING, SNUM) VALUES (2063, 'Customer30', 'San Jose', 600, 1032);
INSERT INTO CUSTOMERS (CNUM, CNAME, CITY, RATING, SNUM) VALUES (2065, 'Customer31', 'Ahmedabad', 700, 1033);
INSERT INTO CUSTOMERS (CNUM, CNAME, CITY, RATING, SNUM) VALUES (2067, 'Customer32', 'Indore', 800, 1034);
INSERT INTO CUSTOMERS (CNUM, CNAME, CITY, RATING, SNUM) VALUES (2069, 'Customer33', 'New York', 900, 1035);
INSERT INTO CUSTOMERS (CNUM, CNAME, CITY, RATING, SNUM) VALUES (2071, 'Customer34', 'New Jersey', 1000, 1036);
INSERT INTO CUSTOMERS (CNUM, CNAME, CITY, RATING, SNUM) VALUES (2073, 'Customer35', 'Chennai', 100, 1037);
INSERT INTO CUSTOMERS (CNUM, CNAME, CITY, RATING, SNUM) VALUES (2075, 'Customer36', 'Kolkata', 300, 1038);
INSERT INTO CUSTOMERS (CNUM, CNAME, CITY, RATING, SNUM) VALUES (2077, 'Customer37', 'Guajarat', 100, 1039);
INSERT INTO CUSTOMERS (CNUM, CNAME, CITY, RATING, SNUM) VALUES (2079, 'Customer38', 'Anand', 200, 1040);
INSERT INTO CUSTOMERS (CNUM, CNAME, CITY, RATING, SNUM) VALUES (2081, 'Customer39', 'London', 300, 1041);
INSERT INTO CUSTOMERS (CNUM, CNAME, CITY, RATING, SNUM) VALUES (2083, 'Customer40', 'San Jose', 400, 1042);
INSERT INTO CUSTOMERS (CNUM, CNAME, CITY, RATING, SNUM) VALUES (2085, 'Customer41', 'Ahmedabad', 500, 1043);
INSERT INTO CUSTOMERS (CNUM, CNAME, CITY, RATING, SNUM) VALUES (2087, 'Customer42', 'Indore', 600, 1044);
INSERT INTO CUSTOMERS (CNUM, CNAME, CITY, RATING, SNUM) VALUES (2089, 'Customer43', 'New York', 700, 1045);
INSERT INTO CUSTOMERS (CNUM, CNAME, CITY, RATING, SNUM) VALUES (2091, 'Customer44', 'New Jersey', 800, 1046);
INSERT INTO CUSTOMERS (CNUM, CNAME, CITY, RATING, SNUM) VALUES (2093, 'Customer45', 'Chennai', 900, 1047);
INSERT INTO CUSTOMERS (CNUM, CNAME, CITY, RATING, SNUM) VALUES (2095, 'Customer46', 'Kolkata', 1000, 1048);
INSERT INTO CUSTOMERS (CNUM, CNAME, CITY, RATING, SNUM) VALUES (2097, 'Customer47', 'Guajarat', 100, 1049);
INSERT INTO CUSTOMERS (CNUM, CNAME, CITY, RATING, SNUM) VALUES (2099, 'Customer48', 'Anand', 300, 1050);
INSERT INTO CUSTOMERS (CNUM, CNAME, CITY, RATING, SNUM) VALUES (2101, 'Customer49', 'London', 100, 1051);
INSERT INTO CUSTOMERS (CNUM, CNAME, CITY, RATING, SNUM) VALUES (2103, 'Customer50', 'San Jose', 200, 1052);
INSERT INTO CUSTOMERS (CNUM, CNAME, CITY, RATING, SNUM) VALUES (2105, 'Customer51', 'Ahmedabad', 300, 1053);
INSERT INTO CUSTOMERS (CNUM, CNAME, CITY, RATING, SNUM) VALUES (2107, 'Customer52', 'Indore', 400, 1054);
INSERT INTO CUSTOMERS (CNUM, CNAME, CITY, RATING, SNUM) VALUES (2109, 'Customer53', 'New York', 500, 1055);
SELECT * FROM CUSTOMERS;


CREATE TABLE ORDERS(
    ORDER_NO VARCHAR2(6) NOT NULL,
    AMOUNT VARCHAR2(10),
    ODATE DATE,
    CNUM NUMBER,
    FOREIGN KEY(CNUM)
        REFERENCES CUSTOMERS(CNUM),
    SNUM NUMBER,
    FOREIGN KEY(SNUM)
        REFERENCES SALESPEOPLE(SNUM)
);


INSERT INTO ORDERS (ORDER_NO, AMOUNT, ODATE, CNUM, SNUM) VALUES (3001, null,null, 2001, 1001);

INSERT INTO ORDERS (ORDER_NO, AMOUNT, ODATE, CNUM, SNUM) VALUES (3001, 18.96, TO_DATE('03/10/1994', 'MM/DD/YYYY'), 2001, 1001);
INSERT INTO ORDERS (ORDER_NO, AMOUNT, ODATE, CNUM, SNUM) VALUES (3002, 19.95, TO_DATE('03/01/1995', 'MM/DD/YYYY'), 2003, 1002);
INSERT INTO ORDERS (ORDER_NO, AMOUNT, ODATE, CNUM, SNUM) VALUES (3003, 201, TO_DATE('01/02/1995', 'MM/DD/YYYY'), 2005, 1003);
INSERT INTO ORDERS (ORDER_NO, AMOUNT, ODATE, CNUM, SNUM) VALUES (3004, 2005, TO_DATE('06/02/1995', 'MM/DD/YYYY'), 2007, 1004);
INSERT INTO ORDERS (ORDER_NO, AMOUNT, ODATE, CNUM, SNUM) VALUES (3005, 2336, TO_DATE('04/01/2004', 'MM/DD/YYYY'), 2009, 1005);
INSERT INTO ORDERS (ORDER_NO, AMOUNT, ODATE, CNUM, SNUM) VALUES (3006, 523, TO_DATE('04/15/1996', 'MM/DD/YYYY'), 2011, 1006);
INSERT INTO ORDERS (ORDER_NO, AMOUNT, ODATE, CNUM, SNUM) VALUES (3007, 652, TO_DATE('05/16/1995', 'MM/DD/YYYY'), 2013, 1007);
INSERT INTO ORDERS (ORDER_NO, AMOUNT, ODATE, CNUM, SNUM) VALUES (3008, 125, TO_DATE('05/17/1995', 'MM/DD/YYYY'), 2015, 1008);
INSERT INTO ORDERS (ORDER_NO, AMOUNT, ODATE, CNUM, SNUM) VALUES (3009, 332, TO_DATE('04/15/1996', 'MM/DD/YYYY'), 2017, 1009);
INSERT INTO ORDERS (ORDER_NO, AMOUNT, ODATE, CNUM, SNUM) VALUES (3010, 225, TO_DATE('05/16/1995', 'MM/DD/YYYY'), 2019, 1010);
INSERT INTO ORDERS (ORDER_NO, AMOUNT, ODATE, CNUM, SNUM) VALUES (3011, 3356, TO_DATE('05/17/1995', 'MM/DD/YYYY'), 2021, 1011);
INSERT INTO ORDERS (ORDER_NO, AMOUNT, ODATE, CNUM, SNUM) VALUES (3012, 2156, TO_DATE('04/15/1996', 'MM/DD/YYYY'), 2023, 1012);
INSERT INTO ORDERS (ORDER_NO, AMOUNT, ODATE, CNUM, SNUM) VALUES (3013, 325, TO_DATE('05/16/1995', 'MM/DD/YYYY'), 2025, 1013);
INSERT INTO ORDERS (ORDER_NO, AMOUNT, ODATE, CNUM, SNUM) VALUES (3014, 365, TO_DATE('05/17/1995', 'MM/DD/YYYY'), 2027, 1014);
INSERT INTO ORDERS (ORDER_NO, AMOUNT, ODATE, CNUM, SNUM) VALUES (3015, 893, TO_DATE('04/15/1996', 'MM/DD/YYYY'), 2029, 1015);
INSERT INTO ORDERS (ORDER_NO, AMOUNT, ODATE, CNUM, SNUM) VALUES (3016, 245, TO_DATE('05/16/1995', 'MM/DD/YYYY'), 2031, 1016);
INSERT INTO ORDERS (ORDER_NO, AMOUNT, ODATE, CNUM, SNUM) VALUES (3017, 652, TO_DATE('06/17/1995', 'MM/DD/YYYY'), 2033, 1017);
INSERT INTO ORDERS (ORDER_NO, AMOUNT, ODATE, CNUM, SNUM) VALUES (3018, 3652, TO_DATE('06/18/1995', 'MM/DD/YYYY'), 2035, 1001);
INSERT INTO ORDERS (ORDER_NO, AMOUNT, ODATE, CNUM, SNUM) VALUES (3019, 325, TO_DATE('07/25/1996', 'MM/DD/YYYY'), 2037, 1002);
INSERT INTO ORDERS (ORDER_NO, AMOUNT, ODATE, CNUM, SNUM) VALUES (3020, 145, TO_DATE('07/28/1995', 'MM/DD/YYYY'), 2039, 1003);
INSERT INTO ORDERS (ORDER_NO, AMOUNT, ODATE, CNUM, SNUM) VALUES (3021, 254, TO_DATE('10/03/1995', 'MM/DD/YYYY'), 2041, 1004);
INSERT INTO ORDERS (ORDER_NO, AMOUNT, ODATE, CNUM, SNUM) VALUES (3022, 2654, TO_DATE('10/04/1995', 'MM/DD/YYYY'), 2043, 1005);
INSERT INTO ORDERS (ORDER_NO, AMOUNT, ODATE, CNUM, SNUM) VALUES (3023, 258, TO_DATE('11/05/1995', 'MM/DD/YYYY'), 2045, 1006);
INSERT INTO ORDERS (ORDER_NO, AMOUNT, ODATE, CNUM, SNUM) VALUES (3024, 985, TO_DATE('12/18/1995', 'MM/DD/YYYY'), 2047, 1007);
INSERT INTO ORDERS (ORDER_NO, AMOUNT, ODATE, CNUM, SNUM) VALUES (3025, 325, TO_DATE('12/31/1995', 'MM/DD/YYYY'), 2049, 1008);
INSERT INTO ORDERS (ORDER_NO, AMOUNT, ODATE, CNUM, SNUM) VALUES (3026, 658, TO_DATE('03/10/1994', 'MM/DD/YYYY'), 2051, 1009);
INSERT INTO ORDERS (ORDER_NO, AMOUNT, ODATE, CNUM, SNUM) VALUES (3027, 213, TO_DATE('03/01/1995', 'MM/DD/YYYY'), 2053, 1010);
INSERT INTO ORDERS (ORDER_NO, AMOUNT, ODATE, CNUM, SNUM) VALUES (3028, 156, TO_DATE('01/02/1995', 'MM/DD/YYYY'), 2055, 1011);
INSERT INTO ORDERS (ORDER_NO, AMOUNT, ODATE, CNUM, SNUM) VALUES (3029, 156, TO_DATE('06/02/1995', 'MM/DD/YYYY'), 2057, 1012);
INSERT INTO ORDERS (ORDER_NO, AMOUNT, ODATE, CNUM, SNUM) VALUES (3030, 152, TO_DATE('04/01/2004', 'MM/DD/YYYY'), 2059, 1013);
INSERT INTO ORDERS (ORDER_NO, AMOUNT, ODATE, CNUM, SNUM) VALUES (3031, 18.96, TO_DATE('04/15/1996', 'MM/DD/YYYY'), 2061, 1014);
INSERT INTO ORDERS (ORDER_NO, AMOUNT, ODATE, CNUM, SNUM) VALUES (3032, 19.95, TO_DATE('05/16/1995', 'MM/DD/YYYY'), 2063, 1015);
INSERT INTO ORDERS (ORDER_NO, AMOUNT, ODATE, CNUM, SNUM) VALUES (3033, 201, TO_DATE('05/17/1995', 'MM/DD/YYYY'), 2065, 1016);
INSERT INTO ORDERS (ORDER_NO, AMOUNT, ODATE, CNUM, SNUM) VALUES (3034, 2005, TO_DATE('04/15/1996', 'MM/DD/YYYY'), 2067, 1017);
INSERT INTO ORDERS (ORDER_NO, AMOUNT, ODATE, CNUM, SNUM) VALUES (3035, 2336, TO_DATE('05/16/1995', 'MM/DD/YYYY'), 2069, 1001);
INSERT INTO ORDERS (ORDER_NO, AMOUNT, ODATE, CNUM, SNUM) VALUES (3036, 523, TO_DATE('05/17/1995', 'MM/DD/YYYY'), 2071, 1002);
INSERT INTO ORDERS (ORDER_NO, AMOUNT, ODATE, CNUM, SNUM) VALUES (3037, 652, TO_DATE('04/15/1996', 'MM/DD/YYYY'), 2073, 1003);
INSERT INTO ORDERS (ORDER_NO, AMOUNT, ODATE, CNUM, SNUM) VALUES (3038, 125, TO_DATE('05/16/1995', 'MM/DD/YYYY'), 2075, 1004);
INSERT INTO ORDERS (ORDER_NO, AMOUNT, ODATE, CNUM, SNUM) VALUES (3039, 332, TO_DATE('05/17/1995', 'MM/DD/YYYY'), 2077, 1005);
INSERT INTO ORDERS (ORDER_NO, AMOUNT, ODATE, CNUM, SNUM) VALUES (3040, 225, TO_DATE('04/15/1996', 'MM/DD/YYYY'), 2079, 1006);
INSERT INTO ORDERS (ORDER_NO, AMOUNT, ODATE, CNUM, SNUM) VALUES (3041, 3356, TO_DATE('05/16/1995', 'MM/DD/YYYY'), 2081, 1007);
INSERT INTO ORDERS (ORDER_NO, AMOUNT, ODATE, CNUM, SNUM) VALUES (3042, 2156, TO_DATE('06/17/1995', 'MM/DD/YYYY'), 2083, 1008);
INSERT INTO ORDERS (ORDER_NO, AMOUNT, ODATE, CNUM, SNUM) VALUES (3043, 325, TO_DATE('06/18/1995', 'MM/DD/YYYY'), 2085, 1009);
INSERT INTO ORDERS (ORDER_NO, AMOUNT, ODATE, CNUM, SNUM) VALUES (3044, 365, TO_DATE('07/25/1996', 'MM/DD/YYYY'), 2087, 1010);
INSERT INTO ORDERS (ORDER_NO, AMOUNT, ODATE, CNUM, SNUM) VALUES (3045, 893, TO_DATE('07/28/1995', 'MM/DD/YYYY'), 2089, 1011);
INSERT INTO ORDERS (ORDER_NO, AMOUNT, ODATE, CNUM, SNUM) VALUES (3046, 245, TO_DATE('10/03/1995', 'MM/DD/YYYY'), 2091, 1012);
INSERT INTO ORDERS (ORDER_NO, AMOUNT, ODATE, CNUM, SNUM) VALUES (3047, 652, TO_DATE('10/04/1995', 'MM/DD/YYYY'), 2093, 1013);
INSERT INTO ORDERS (ORDER_NO, AMOUNT, ODATE, CNUM, SNUM) VALUES (3048, 3652, TO_DATE('11/05/1995', 'MM/DD/YYYY'), 2095, 1014);
INSERT INTO ORDERS (ORDER_NO, AMOUNT, ODATE, CNUM, SNUM) VALUES (3049, 325, TO_DATE('12/18/1995', 'MM/DD/YYYY'), 2097, 1015);
INSERT INTO ORDERS (ORDER_NO, AMOUNT, ODATE, CNUM, SNUM) VALUES (3050, 658, TO_DATE('12/31/1995', 'MM/DD/YYYY'), 2099, 1016);
INSERT INTO ORDERS (ORDER_NO, AMOUNT, ODATE, CNUM, SNUM) VALUES (3051, 254, TO_DATE('5/17/1995', 'MM/DD/YYYY'), 2101, 1017);
INSERT INTO ORDERS (ORDER_NO, AMOUNT, ODATE, CNUM, SNUM) VALUES (3052, 2654, TO_DATE('4/15/1996', 'MM/DD/YYYY'), 2103, 1003);
INSERT INTO ORDERS (ORDER_NO, AMOUNT, ODATE, CNUM, SNUM) VALUES (3053, 258, TO_DATE('5/16/1995', 'MM/DD/YYYY'), 2105, 1004);
INSERT INTO ORDERS (ORDER_NO, AMOUNT, ODATE, CNUM, SNUM) VALUES (3054, 985, TO_DATE('5/17/1995', 'MM/DD/YYYY'), 2107, 1005);
INSERT INTO ORDERS (ORDER_NO, AMOUNT, ODATE, CNUM, SNUM) VALUES (3055, 325, TO_DATE('4/15/1996', 'MM/DD/YYYY'), 2109, 1006);
DROP TABLE ORDERS;
SELECT * FROM ORDERS;

CREATE TABLE CLIENT_MASTER(
    CLIENT_NO VARCHAR2(10) PRIMARY KEY CHECK (CLIENT_NO LIKE 'C%'),
    NAME VARCHAR2(100) NOT NULL,
    ADDRESS VARCHAR2(255),
    CITY VARCHAR2(100),
    STATE VARCHAR2(100),
    PINCODE VARCHAR2(10),
    BAL_DUE NUMBER(10, 2)
);

INSERT INTO CLIENT_MASTER (CLIENT_NO, NAME, ADDRESS, CITY, STATE, PINCODE, BAL_DUE) VALUES ('C101', 'John Doe', '123 Oak Street', 'New York', 'NY', 10001, 250.50);
INSERT INTO CLIENT_MASTER (CLIENT_NO, NAME, ADDRESS, CITY, STATE, PINCODE, BAL_DUE) VALUES ('C102', 'Jane Smith', '456 Maple Avenue', 'Los Angeles', 'CA', 90001, 132.75);
INSERT INTO CLIENT_MASTER (CLIENT_NO, NAME, ADDRESS, CITY, STATE, PINCODE, BAL_DUE) VALUES ('C103', 'Sam Brown', '789 Pine Road', 'Chicago', 'IL', 60601, 315.40);
INSERT INTO CLIENT_MASTER (CLIENT_NO, NAME, ADDRESS, CITY, STATE, PINCODE, BAL_DUE) VALUES ('C104', 'Emma White', '101 Birch Lane', 'Houston', 'TX', 77000, 430.00);
INSERT INTO CLIENT_MASTER (CLIENT_NO, NAME, ADDRESS, CITY, STATE, PINCODE, BAL_DUE) VALUES ('C105', 'Olivia Green', '202 Cedar Blvd', 'Phoenix', 'AZ', '85001', 180.25);
INSERT INTO CLIENT_MASTER (CLIENT_NO, NAME, ADDRESS, CITY, STATE, PINCODE, BAL_DUE) VALUES ('C106', 'Liam Black', '303 Elm Street', 'Philadelphia', 'PA', '19101', 520.90);
INSERT INTO CLIENT_MASTER (CLIENT_NO, NAME, ADDRESS, CITY, STATE, PINCODE, BAL_DUE) VALUES ('C107', 'Sophia Blue', '404 Willow Way', 'San Antonio', 'TX', '78201', 67.10);
INSERT INTO CLIENT_MASTER (CLIENT_NO, NAME, ADDRESS, CITY, STATE, PINCODE, BAL_DUE) VALUES ('C108', 'Mason Gray', '505 Redwood Drive', 'San Diego', 'CA', '92101', 89.65);
INSERT INTO CLIENT_MASTER (CLIENT_NO, NAME, ADDRESS, CITY, STATE, PINCODE, BAL_DUE) VALUES ('C109', 'Isabella Yellow', '606 Maple Drive', 'Dallas', 'TX', '75201', 200.15);
INSERT INTO CLIENT_MASTER (CLIENT_NO, NAME, ADDRESS, CITY, STATE, PINCODE, BAL_DUE) VALUES ('C110', 'Lucas Red', '707 Chestnut Street', 'Austin', 'TX', '73301', 75.80);
INSERT INTO CLIENT_MASTER (CLIENT_NO, NAME, ADDRESS, CITY, STATE, PINCODE, BAL_DUE) VALUES ('C111', 'Mia Purple', '808 Fir Avenue', 'Seattle', 'WA', '98101', 310.50);
INSERT INTO CLIENT_MASTER (CLIENT_NO, NAME, ADDRESS, CITY, STATE, PINCODE, BAL_DUE) VALUES ('C112', 'Noah Silver', '909 Hickory Lane', 'Denver', 'CO', '80201', 56.90);
INSERT INTO CLIENT_MASTER (CLIENT_NO, NAME, ADDRESS, CITY, STATE, PINCODE, BAL_DUE) VALUES ('C113', 'Ava Gold', '1010 Birch Road', 'Boston', 'MA', '02101', 115.30);
INSERT INTO CLIENT_MASTER (CLIENT_NO, NAME, ADDRESS, CITY, STATE, PINCODE, BAL_DUE) VALUES ('C114', 'Ethan Copper', '1111 Pine Avenue', 'Charlotte', 'NC', '28201', 150.00);
INSERT INTO CLIENT_MASTER (CLIENT_NO, NAME, ADDRESS, CITY, STATE, PINCODE, BAL_DUE) VALUES ('C115', 'Harper Bronze', '1212 Cedar Street', 'Miami', 'FL', '33101', 350.45);


INSERT INTO CLIENT_MASTER (CLIENT_NO, NAME, ADDRESS, CITY, STATE, PINCODE, BAL_DUE) VALUES ('A115', 'Harper Bronze', '1212 Cedar Street', 'Miami', 'FL', '3101', 350.45);




SELECT * FROM CLIENT_MASTER;X


CREATE TABLE SALES_ORDER (
    ORDER_NO VARCHAR2(10) PRIMARY KEY CHECK (ORDER_NO LIKE 'O%'),
    ORDER_DATE DATE NOT NULL,
    CLIENT_NO VARCHAR2(10),
    FOREIGN KEY (CLIENT_NO) 
        REFERENCES CLIENT_MASTER(CLIENT_NO),
    DELY_ADDR VARCHAR2(255),
    SALESMAN_NO VARCHAR2(10),
    FOREIGN KEY (SALESMAN_NO) 
        REFERENCES SALESMAN_MASTER(SALESMAN_NO),
    DELY_TYPE CHAR(1) DEFAULT 'F',
    ORDER_STATUS VARCHAR2(20) CHECK (ORDER_STATUS IN ('In Process', 'Fulfilled', 'Backorder', 'Cancelled'))
);


INSERT INTO SALES_ORDER (ORDER_NO, ORDER_DATE, CLIENT_NO, DELY_ADDR, SALESMAN_NO, DELY_TYPE, ORDER_STATUS) VALUES('O01', TO_DATE('2025-01-10', 'YYYY-MM-DD'), 'C101', '123 Main St, Cityville', 'S101', 'F', 'In Process');
INSERT INTO SALES_ORDER (ORDER_NO, ORDER_DATE, CLIENT_NO, DELY_ADDR, SALESMAN_NO, DELY_TYPE, ORDER_STATUS) VALUES('O02', TO_DATE('2025-01-12', 'YYYY-MM-DD'), 'C102', '456 Oak Rd, Townsville', 'S102', 'F', 'Fulfilled');
INSERT INTO SALES_ORDER (ORDER_NO, ORDER_DATE, CLIENT_NO, DELY_ADDR, SALESMAN_NO, DELY_TYPE, ORDER_STATUS) VALUES('O03', TO_DATE('2025-01-15', 'YYYY-MM-DD'), 'C103', '789 Pine Blvd, Village City', 'S103', 'F', 'Backorder');
INSERT INTO SALES_ORDER (ORDER_NO, ORDER_DATE, CLIENT_NO, DELY_ADDR, SALESMAN_NO, DELY_TYPE, ORDER_STATUS) VALUES('O04', TO_DATE('2025-01-17', 'YYYY-MM-DD'), 'C104', '321 Birch Ln, Greenfield', 'S104', 'F', 'Cancelled');
INSERT INTO SALES_ORDER (ORDER_NO, ORDER_DATE, CLIENT_NO, DELY_ADDR, SALESMAN_NO, DELY_TYPE, ORDER_STATUS) VALUES('O05', TO_DATE('2025-01-18', 'YYYY-MM-DD'), 'C105', '654 Cedar Ave, Hilltop', 'S105', 'F', 'Fulfilled');
INSERT INTO SALES_ORDER (ORDER_NO, ORDER_DATE, CLIENT_NO, DELY_ADDR, SALESMAN_NO, DELY_TYPE, ORDER_STATUS) VALUES('O06', TO_DATE('2025-01-20', 'YYYY-MM-DD'), 'C106', '987 Maple Dr, Seaside', 'S106', 'F', 'In Process');
INSERT INTO SALES_ORDER (ORDER_NO, ORDER_DATE, CLIENT_NO, DELY_ADDR, SALESMAN_NO, DELY_TYPE, ORDER_STATUS) VALUES('O07', TO_DATE('2025-01-22', 'YYYY-MM-DD'), 'C107', '135 Elm St, Rivertown', 'S107', 'F', 'Backorder');
INSERT INTO SALES_ORDER (ORDER_NO, ORDER_DATE, CLIENT_NO, DELY_ADDR, SALESMAN_NO, DELY_TYPE, ORDER_STATUS) VALUES('O08', TO_DATE('2025-01-25', 'YYYY-MM-DD'), 'C108', '246 Pinecrest Ave, Sunnyside', 'S108', 'F', 'Fulfilled');
INSERT INTO SALES_ORDER (ORDER_NO, ORDER_DATE, CLIENT_NO, DELY_ADDR, SALESMAN_NO, DELY_TYPE, ORDER_STATUS) VALUES('O09', TO_DATE('2025-01-27', 'YYYY-MM-DD'), 'C109', '369 Willow Dr, Lakeside', 'S109', 'F', 'In Process');
INSERT INTO SALES_ORDER (ORDER_NO, ORDER_DATE, CLIENT_NO, DELY_ADDR, SALESMAN_NO, DELY_TYPE, ORDER_STATUS) VALUES('O10', TO_DATE('2025-01-28', 'YYYY-MM-DD'), 'C110', '111 Oakwood St, Park City', 'S110', 'F', 'Cancelled');
INSERT INTO SALES_ORDER (ORDER_NO, ORDER_DATE, CLIENT_NO, DELY_ADDR, SALESMAN_NO, DELY_TYPE, ORDER_STATUS) VALUES('O11', TO_DATE('2025-01-30', 'YYYY-MM-DD'), 'C111', '222 Ash Blvd, Woodland', 'S111', 'F', 'Backorder');
INSERT INTO SALES_ORDER (ORDER_NO, ORDER_DATE, CLIENT_NO, DELY_ADDR, SALESMAN_NO, DELY_TYPE, ORDER_STATUS) VALUES('O12', TO_DATE('2025-02-01', 'YYYY-MM-DD'), 'C112', '333 Maple Ave, Hillside', 'S112', 'F', 'In Process');
INSERT INTO SALES_ORDER (ORDER_NO, ORDER_DATE, CLIENT_NO, DELY_ADDR, SALESMAN_NO, DELY_TYPE, ORDER_STATUS) VALUES('O13', TO_DATE('2025-02-03', 'YYYY-MM-DD'), 'C113', '444 Spruce Dr, Meadowbrook', 'S113', 'F', 'Fulfilled');
INSERT INTO SALES_ORDER (ORDER_NO, ORDER_DATE, CLIENT_NO, DELY_ADDR, SALESMAN_NO, DELY_TYPE, ORDER_STATUS) VALUES('O14', TO_DATE('2025-02-04', 'YYYY-MM-DD'), 'C114', '555 Fir St, Brookfield', 'S114', 'F', 'Fulfilled');
INSERT INTO SALES_ORDER (ORDER_NO, ORDER_DATE, CLIENT_NO, DELY_ADDR, SALESMAN_NO, DELY_TYPE, ORDER_STATUS) VALUES('O15', TO_DATE('2025-02-05', 'YYYY-MM-DD'), 'C115', '666 Redwood Ave, Woodbridge', 'S115', 'F', 'Cancelled');
TRUNCATE TABLE SALES_ORDER;

SELECT * FROM SALES_ORDER;

CREATE TABLE SALESMAN_MASTER (
    SALESMAN_NO VARCHAR2(10) PRIMARY KEY CHECK (SALESMAN_NO LIKE 'S%'),
    SALESMAN_NAME VARCHAR2(100) NOT NULL,
    ADDRESS VARCHAR2(255),
    CITY VARCHAR2(100),
    STATE VARCHAR2(100),
    PINCODE VARCHAR2(10),
    SAL_AMT NUMBER(10, 2) NOT NULL CHECK (SAL_AMT > 0),
    YTD_SALES NUMBER(12, 2) NOT NULL CHECK (YTD_SALES > 0),
    TGT_SALES NUMBER(12, 2) NOT NULL
);


INSERT INTO SALESMAN_MASTER (SALESMAN_NO, SALESMAN_NAME, ADDRESS, CITY, STATE, PINCODE, SAL_AMT, YTD_SALES, TGT_SALES) VALUES ('S101', 'James Brown', '123 High Street', 'Los Angeles', 'CA', '90001', 5000.00, 150000.00, 200000.00);
INSERT INTO SALESMAN_MASTER (SALESMAN_NO, SALESMAN_NAME, ADDRESS, CITY, STATE, PINCODE, SAL_AMT, YTD_SALES, TGT_SALES) VALUES ('S102', 'Michael Clark', '456 Pine Avenue', 'Chicago', 'IL', '60601', 4500.00, 125000.00, 175000.00);
INSERT INTO SALESMAN_MASTER (SALESMAN_NO, SALESMAN_NAME, ADDRESS, CITY, STATE, PINCODE, SAL_AMT, YTD_SALES, TGT_SALES) VALUES ('S103', 'Sarah Green', '789 Oak Road', 'Houston', 'TX', '77001', 4800.00, 130000.00, 190000.00);
INSERT INTO SALESMAN_MASTER (SALESMAN_NO, SALESMAN_NAME, ADDRESS, CITY, STATE, PINCODE, SAL_AMT, YTD_SALES, TGT_SALES) VALUES ('S104', 'David White', '101 Cedar Boulevard', 'Phoenix', 'AZ', '85001', 4700.00, 120000.00, 180000.00);
INSERT INTO SALESMAN_MASTER (SALESMAN_NO, SALESMAN_NAME, ADDRESS, CITY, STATE, PINCODE, SAL_AMT, YTD_SALES, TGT_SALES) VALUES ('S105', 'Jessica Blue', '202 Birch Street', 'San Diego', 'CA', '92101', 5300.00, 155000.00, 210000.00);
INSERT INTO SALESMAN_MASTER (SALESMAN_NO, SALESMAN_NAME, ADDRESS, CITY, STATE, PINCODE, SAL_AMT, YTD_SALES, TGT_SALES) VALUES ('S106', 'William Black', '303 Elm Drive', 'Philadelphia', 'PA', '19101', 5500.00, 160000.00, 220000.00);
INSERT INTO SALESMAN_MASTER (SALESMAN_NO, SALESMAN_NAME, ADDRESS, CITY, STATE, PINCODE, SAL_AMT, YTD_SALES, TGT_SALES) VALUES ('S107', 'Emma Red', '404 Maple Avenue', 'Dallas', 'TX', '75201', 4900.00, 140000.00, 190000.00);
INSERT INTO SALESMAN_MASTER (SALESMAN_NO, SALESMAN_NAME, ADDRESS, CITY, STATE, PINCODE, SAL_AMT, YTD_SALES, TGT_SALES) VALUES ('S108', 'Mason Yellow', '505 Pine Street', 'Austin', 'TX', '73301', 4600.00, 118000.00, 170000.00);
INSERT INTO SALESMAN_MASTER (SALESMAN_NO, SALESMAN_NAME, ADDRESS, CITY, STATE, PINCODE, SAL_AMT, YTD_SALES, TGT_SALES) VALUES ('S109', 'Sophia Silver', '606 Oak Lane', 'San Antonio', 'TX', '78201', 5200.00, 135000.00, 200000.00);
INSERT INTO SALESMAN_MASTER (SALESMAN_NO, SALESMAN_NAME, ADDRESS, CITY, STATE, PINCODE, SAL_AMT, YTD_SALES, TGT_SALES) VALUES ('S110', 'Lucas Brown', '707 Willow Road', 'Seattle', 'WA', '98101', 5100.00, 125500.00, 185000.00);
INSERT INTO SALESMAN_MASTER (SALESMAN_NO, SALESMAN_NAME, ADDRESS, CITY, STATE, PINCODE, SAL_AMT, YTD_SALES, TGT_SALES) VALUES ('S111', 'Isabella Gray', '808 Fir Drive', 'Denver', 'CO', '80201', 4800.00, 122000.00, 175000.00);
INSERT INTO SALESMAN_MASTER (SALESMAN_NO, SALESMAN_NAME, ADDRESS, CITY, STATE, PINCODE, SAL_AMT, YTD_SALES, TGT_SALES) VALUES ('S112', 'Ethan Gold', '909 Maple Lane', 'Boston', 'MA', '02101', 5100.00, 130000.00, 190000.00);
INSERT INTO SALESMAN_MASTER (SALESMAN_NO, SALESMAN_NAME, ADDRESS, CITY, STATE, PINCODE, SAL_AMT, YTD_SALES, TGT_SALES) VALUES ('S113', 'Harper Copper', '1010 Chestnut Street', 'Miami', 'FL', '33101', 4700.00, 115000.00, 165000.00);
INSERT INTO SALESMAN_MASTER (SALESMAN_NO, SALESMAN_NAME, ADDRESS, CITY, STATE, PINCODE, SAL_AMT, YTD_SALES, TGT_SALES) VALUES ('S114', 'Liam Bronze', '1111 Cedar Drive', 'Charlotte', 'NC', '28201', 5400.00, 150000.00, 210000.00);
INSERT INTO SALESMAN_MASTER (SALESMAN_NO, SALESMAN_NAME, ADDRESS, CITY, STATE, PINCODE, SAL_AMT, YTD_SALES, TGT_SALES) VALUES ('S115', 'Olivia White', '1212 Pine Lane', 'Miami', 'FL', '33101', 5000.00, 128000.00, 185000.00);



INSERT INTO SALESMAN_MASTER (SALESMAN_NO, SALESMAN_NAME, ADDRESS, CITY, STATE, PINCODE, SAL_AMT, YTD_SALES, TGT_SALES) VALUES ('S101', 'James Brown', '123 High Street', 'Los Angeles', 'CA', '90001', 50.420, 150.215, 200000.00);

SELECT * FROM SALESMAN_MASTER;


TRUNCATE TABLE SALESMAN_MASTER;